100,Steven,King,SKING,515.123.4567,17-06-1987,AD_PRES,24000,0,0,90
101,Neena,Kochhar,NKOCHHAR,515.123.4568,18-06-1987,AD_VP,17000,0,100,90
102,Lex,De Haan,LDEHAAN,515.123.4569,19-06-1987,AD_VP,17000,0,100,90
103,Alexander,Hunold,AHUNOLD,590.423.4567,20-06-1987,IT_PROG,9000,0,102,60
104,Bruce,Ernst,BERNST,590.423.4568,21-06-1987,IT_PROG,6000,0,103,60
105,David,Austin,DAUSTIN,590.423.4569,22-06-1987,IT_PROG,4800,0,103,60
106,Valli,Pataballa,VPATABAL,590.423.4560,23-06-1987,IT_PROG,4800,0,103,60
107,Diana,Lorentz,DLORENTZ,590.423.5567,24-06-1987,IT_PROG,4200,0,103,60
108,Nancy,Greenberg,NGREENBE,515.124.4569,25-06-1987,FI_MGR,12000,0,101,100
109,Daniel,Faviet,DFAVIET,515.124.4169,26-06-1987,FI_ACCOUNT,9000,0,108,100
110,John,Chen,JCHEN,515.124.4269,27-06-1987,FI_ACCOUNT,8200,0,108,100
111,Ismael,Sciarra,ISCIARRA,515.124.4369,28-06-1987,FI_ACCOUNT,7700,0,108,100
112,Jose Manuel,Urman,JMURMAN,515.124.4469,29-06-1987,FI_ACCOUNT,7800,0,108,100
113,Luis,Popp,LPOPP,515.124.4567,30-06-1987,FI_ACCOUNT,6900,0,108,100
114,Den,Raphaely,DRAPHEAL,515.127.4561,01-07-1987,PU_MAN,11000,0,100,30
115,Alexander,Khoo,AKHOO,515.127.4562,02-07-1987,PU_CLERK,3100,0,114,30
116,Shelli,Baida,SBAIDA,515.127.4563,03-07-1987,PU_CLERK,2900,0,114,30
117,Sigal,Tobias,STOBIAS,515.127.4564,04-07-1987,PU_CLERK,2800,0,114,30
118,Guy,Himuro,GHIMURO,515.127.4565,05-07-1987,PU_CLERK,2600,0,114,30
119,Karen,Colmenares,KCOLMENA,515.127.4566,06-07-1987,PU_CLERK,2500,0,114,30
120,Matthew,Weiss,MWEISS,650.123.1234,07-07-1987,ST_MAN,8000,0,100,50
121,Adam,Fripp,AFRIPP,650.123.2234,08-07-1987,ST_MAN,8200,0,100,50
122,Payam,Kaufling,PKAUFLIN,650.123.3234,09-07-1987,ST_MAN,7900,0,100,50
123,Shanta,Vollman,SVOLLMAN,650.123.4234,10-07-1987,ST_MAN,6500,0,100,50
124,Kevin,Mourgos,KMOURGOS,650.123.5234,11-07-1987,ST_MAN,5800,0,100,50
125,Julia,Nayer,JNAYER,650.124.1214,12-07-1987,ST_CLERK,3200,0,120,50
126,Irene,Mikkilineni,IMIKKILI,650.124.1224,13-07-1987,ST_CLERK,2700,0,120,50
127,James,Landry,JLANDRY,650.124.1334,14-07-1987,ST_CLERK,2400,0,120,50
128,Steven,Markle,SMARKLE,650.124.1434,15-07-1987,ST_CLERK,2200,0,120,50
129,Laura,Bissot,LBISSOT,650.124.5234,16-07-1987,ST_CLERK,3300,0,121,50
130,Mozhe,Atkinson,MATKINSO,650.124.6234,17-07-1987,ST_CLERK,2800,0,121,50
131,James,Marlow,JAMRLOW,650.124.7234,18-07-1987,ST_CLERK,2500,0,121,50
132,TJ,Olson,TJOLSON,650.124.8234,19-07-1987,ST_CLERK,2100,0,121,50
133,Jason,Mallin,JMALLIN,650.127.1934,20-07-1987,ST_CLERK,3300,0,122,50
134,Michael,Rogers,MROGERS,650.127.1834,21-07-1987,ST_CLERK,2900,0,122,50
135,Ki,Gee,KGEE,650.127.1734,22-07-1987,ST_CLERK,2400,0,122,50
136,Hazel,Philtanker,HPHILTAN,650.127.1634,23-07-1987,ST_CLERK,2200,0,122,50
137,Renske,Ladwig,RLADWIG,650.121.1234,24-07-1987,ST_CLERK,3600,0,123,50
138,Stephen,Stiles,SSTILES,650.121.2034,25-07-1987,ST_CLERK,3200,0,123,50
139,John,Seo,JSEO,650.121.2019,26-07-1987,ST_CLERK,2700,0,123,50
140,Joshua,Patel,JPATEL,650.121.1834,27-07-1987,ST_CLERK,2500,0,123,50
141,Trenna,Rajs,TRAJS,650.121.8009,28-07-1987,ST_CLERK,3500,0,124,50
142,Curtis,Davies,CDAVIES,650.121.2994,29-07-1987,ST_CLERK,3100,0,124,50
143,Randall,Matos,RMATOS,650.121.2874,30-07-1987,ST_CLERK,2600,0,124,50
144,Peter,Vargas,PVARGAS,650.121.2004,31-07-1987,ST_CLERK,2500,0,124,50
145,John,Russell,JRUSSEL,011.44.1344.429268,01-08-1987,SA_MAN,14000,0.4,100,80
146,Karen,Partners,KPARTNER,011.44.1344.467268,02-08-1987,SA_MAN,13500,0.3,100,80
147,Alberto,Errazuriz,AERRAZUR,011.44.1344.429278,03-08-1987,SA_MAN,12000,0.3,100,80
148,Gerald,Cambrault,GCAMBRAU,011.44.1344.619268,04-08-1987,SA_MAN,11000,0.3,100,80
149,Eleni,Zlotkey,EZLOTKEY,011.44.1344.429018,05-08-1987,SA_MAN,10500,0.2,100,80
150,Peter,Tucker,PTUCKER,011.44.1344.129268,06-08-1987,SA_REP,10000,0.3,145,80
151,David,Bernstein,DBERNSTE,011.44.1344.345268,07-08-1987,SA_REP,9500,0.25,145,80
152,Peter,Hall,PHALL,011.44.1344.478968,08-08-1987,SA_REP,9000,0.25,145,80
153,Christopher,Olsen,COLSEN,011.44.1344.498718,09-08-1987,SA_REP,8000,0.2,145,80
154,Nanette,Cambrault,NCAMBRAU,011.44.1344.987668,10-08-1987,SA_REP,7500,0.2,145,80
155,Oliver,Tuvault,OTUVAULT,011.44.1344.486508,11-08-1987,SA_REP,7000,0.15,145,80
156,Janette,King,JKING,011.44.1345.429268,12-08-1987,SA_REP,10000,0.35,146,80
157,Patrick,Sully,PSULLY,011.44.1345.929268,13-08-1987,SA_REP,9500,0.35,146,80
158,Allan,McEwen,AMCEWEN,011.44.1345.829268,14-08-1987,SA_REP,9000,0.35,146,80
159,Lindsey,Smith,LSMITH,011.44.1345.729268,15-08-1987,SA_REP,8000,0.3,146,80
160,Louise,Doran,LDORAN,011.44.1345.629268,16-08-1987,SA_REP,7500,0.3,146,80
161,Sarath,Sewall,SSEWALL,011.44.1345.529268,17-08-1987,SA_REP,7000,0.25,146,80
162,Clara,Vishney,CVISHNEY,011.44.1346.129268,18-08-1987,SA_REP,10500,0.25,147,80
163,Danielle,Greene,DGREENE,011.44.1346.229268,19-08-1987,SA_REP,9500,0.15,147,80
164,Mattea,Marvins,MMARVINS,011.44.1346.329268,20-08-1987,SA_REP,7200,0.1,147,80
165,David,Lee,DLEE,011.44.1346.529268,21-08-1987,SA_REP,6800,0.1,147,80
166,Sundar,Ande,SANDE,011.44.1346.629268,22-08-1987,SA_REP,6400,0.1,147,80
167,Amit,Banda,ABANDA,011.44.1346.729268,23-08-1987,SA_REP,6200,0.1,147,80
168,Lisa,Ozer,LOZER,011.44.1343.929268,24-08-1987,SA_REP,11500,0.25,148,80
169,Harrison,Bloom,HBLOOM,011.44.1343.829268,25-08-1987,SA_REP,10000,0.2,148,80
170,Tayler,Fox,TFOX,011.44.1343.729268,26-08-1987,SA_REP,9600,0.2,148,80
171,William,Smith,WSMITH,011.44.1343.629268,27-08-1987,SA_REP,7400,0.15,148,80
172,Elizabeth,Bates,EBATES,011.44.1343.529268,28-08-1987,SA_REP,7300,0.15,148,80
173,Sundita,Kumar,SKUMAR,011.44.1343.329268,29-08-1987,SA_REP,6100,0.1,148,80
174,Ellen,Abel,EABEL,011.44.1644.429267,30-08-1987,SA_REP,11000,0.3,149,80
175,Alyssa,Hutton,AHUTTON,011.44.1644.429266,31-08-1987,SA_REP,8800,0.25,149,80
176,Jonathon,Taylor,JTAYLOR,011.44.1644.429265,01-09-1987,SA_REP,8600,0.2,149,80
177,Jack,Livingston,JLIVINGS,011.44.1644.429264,02-09-1987,SA_REP,8400,0.2,149,80
178,Kimberely,Grant,KGRANT,011.44.1644.429263,03-09-1987,SA_REP,7000,0.15,149,0
179,Charles,Johnson,CJOHNSON,011.44.1644.429262,04-09-1987,SA_REP,6200,0.1,149,80
180,Winston,Taylor,WTAYLOR,650.507.9876,05-09-1987,SH_CLERK,3200,0,120,50
181,Jean,Fleaur,JFLEAUR,650.507.9877,06-09-1987,SH_CLERK,3100,0,120,50
182,Martha,Sullivan,MSULLIVA,650.507.9878,07-09-1987,SH_CLERK,2500,0,120,50
183,Girard,Geoni,GGEONI,650.507.9879,08-09-1987,SH_CLERK,2800,0,120,50
184,Nandita,Sarchand,NSARCHAN,650.509.1876,09-09-1987,SH_CLERK,4200,0,121,50
185,Alexis,Bull,ABULL,650.509.2876,10-09-1987,SH_CLERK,4100,0,121,50
186,Julia,Dellinger,JDELLING,650.509.3876,11-09-1987,SH_CLERK,3400,0,121,50
187,Anthony,Cabrio,ACABRIO,650.509.4876,12-09-1987,SH_CLERK,3000,0,121,50
188,Kelly,Chung,KCHUNG,650.505.1876,13-09-1987,SH_CLERK,3800,0,122,50
189,Jennifer,Dilly,JDILLY,650.505.2876,14-09-1987,SH_CLERK,3600,0,122,50
190,Timothy,Gates,TGATES,650.505.3876,15-09-1987,SH_CLERK,2900,0,122,50
191,Randall,Perkins,RPERKINS,650.505.4876,16-09-1987,SH_CLERK,2500,0,122,50
192,Sarah,Bell,SBELL,650.501.1876,17-09-1987,SH_CLERK,4000,0,123,50
193,Britney,Everett,BEVERETT,650.501.2876,18-09-1987,SH_CLERK,3900,0,123,50
194,Samuel,McCain,SMCCAIN,650.501.3876,19-09-1987,SH_CLERK,3200,0,123,50
195,Vance,Jones,VJONES,650.501.4876,20-09-1987,SH_CLERK,2800,0,123,50
196,Alana,Walsh,AWALSH,650.507.9811,21-09-1987,SH_CLERK,3100,0,124,50
197,Kevin,Feeney,KFEENEY,650.507.9822,22-09-1987,SH_CLERK,3000,0,124,50
198,Donald,OConnell,DOCONNEL,650.507.9833,23-09-1987,SH_CLERK,2600,0,124,50
199,Douglas,Grant,DGRANT,650.507.9844,24-09-1987,SH_CLERK,2600,0,124,50
200,Jennifer,Whalen,JWHALEN,515.123.4444,25-09-1987,AD_ASST,4400,0,101,10
201,Michael,Hartstein,MHARTSTE,515.123.5555,26-09-1987,MK_MAN,13000,0,100,20
202,Pat,Fay,PFAY,603.123.6666,27-09-1987,MK_REP,6000,0,201,20
203,Susan,Mavris,SMAVRIS,515.123.7777,28-09-1987,HR_REP,6500,0,101,40
204,Hermann,Baer,HBAER,515.123.8888,29-09-1987,PR_REP,10000,0,101,70
205,Shelley,Higgins,SHIGGINS,515.123.8080,30-09-1987,AC_MGR,12000,0,101,110
206,William,Gietz,WGIETZ,515.123.8181,01-10-1987,AC_ACCOUNT,8300,0,205,110
